ID,Nombre de la Estación,ID Estación,Localización,Latitud,Longitud,Estado
2,(GDL-001) C. Epigmenio Glez./ Av. 16 de Sept.,GDL-001,Polígono Central,20.666378,-103.34882,En Servicio
3,(GDL-002) C. Colonias  / Av.  Niños Héroes,GDL-002,Polígono Central,20.667228,-103.366,En Servicio
4,(GDL-003) C. Vidrio / Av. Chapultepec,GDL-003,Polígono Central,20.66769,-103.368252,En Servicio
5,(GDL-004) C. Ghilardi /C. Miraflores,GDL-004,Polígono Central,20.69175,-103.36255,En Servicio
6,(GDL-005) C. San Diego /Calzada Independencia,GDL-005,Polígono Central,20.681151,-103.338863,En Servicio
8,(GDL-006) C. Venustiano Carranza /C. Reforma,GDL-006,Polígono Central,20.6807519,-103.3443801,En Servicio
9,(GDL-007)C. Epigmenio Glez./Av. Cristobal C.,GDL-007,Polígono Central,20.666771,-103.350562,En Servicio
10,(GDL-008) C. J. Angulo / C. González Ortega,GDL-008,Polígono Central,20.681871,-103.350396,En Servicio
11,(GDL-009) Calz. Federalismo/ C. J. Angulo,GDL-009,Polígono Central,20.681984,-103.353835,En Servicio
12,(GDL-010) C. Cruz verde / C. Joaquin Angulo,GDL-010,Polígono Central,20.681786,-103.357267,En Servicio
13,(GDL-011) C. Garibaldi / C. Frías,GDL-011,Polígono Central,20.681081,-103.360099,En Servicio
14,(GDL-012) C. Joaquín Angulo / C. Ghilardi,GDL-012,Polígono Central,20.681989,-103.36292,En Servicio
15,(GDL-013) C. Vidrio  / C. Marsella,GDL-013,Polígono Central,20.667623,-103.370499,En Servicio
16,(GDL-014)C. J. Angulo/C. José Clemente Orozco,GDL-014,Polígono Central,20.682059,-103.365969,En Servicio
17,(GDL-015) C. Herrera y Cairo /C. Pedro Buzeta,GDL-015,Polígono Central,20.683191,-103.369349,En Servicio
18,(GDL-016)C. Bernardo de Balbuena/C. J. Angulo,GDL-016,Polígono Central,20.682007,-103.372642,En Servicio
19,(GDL-017) Av. México /C. Bernardo de Balbuena,GDL-017,Polígono Central,20.679086,-103.372841,En Servicio
20,(GDL-018) Av. México / C. Manuel M. Diéguez,GDL-018,Polígono Central,20.679296,-103.370658,En Servicio
21,(GDL-019)  C. Juan Manuel / C. Andrés Terán,GDL-019,Polígono Central,20.678835,-103.368045,En Servicio
22,Ex-GDL-020 Juan Manuel / C.General Coronado,Ex-GDL-020,Polígono Central,20.678714,-103.36573,Fuera de Servicio
23,(GDL-021) C. Nicolás Romero / C. Reforma,GDL-021,Polígono Central,20.67966,-103.362224,En Servicio
24,(GDL-022)C. San Felipe /C. Enrique D. de León,GDL-022,Polígono Central,20.679389,-103.35913,En Servicio
25,(GDL-023) C. Jesús / C. San Felipe,GDL-023,Polígono Central,20.679309,-103.356281,En Servicio
26,(GDL-024) Av.  Federalismo / C. Juan Manuel,GDL-024,Polígono Central,20.678777,-103.354035,En Servicio
27,(GDL-025) C. Reforma / C. González Ortega,GDL-025,Polígono Central,20.680227,-103.350146,En Servicio
28,(GDL-026) C. Pedro Loza / C. Reforma,GDL-026,Polígono Central,20.680478,-103.348377,En Servicio
29,(GDL-027) C. Belén / C. San Felipe,GDL-027,Polígono Central,20.679861,-103.345198,En Servicio
30,(GDL-028) C. Gregorio Dávila /C. Manuel Acuña,GDL-028,Polígono Central,20.684187,-103.36113,En Servicio
31,(GDL-029)Calz. Indep. /C. Juan Manuel,GDL-029,Polígono Central,20.679505,-103.339753,En Servicio
32,(GDL-030) C. Pedro Moreno/ C. Progreso,GDL-030,Polígono Central,20.675461,-103.367501,En Servicio
33,(GDL-031) C. Hospital / C. Andrés Terán,GDL-031,Polígono Central,20.685652,-103.368215,En Servicio
34,(GDL-032) C. Degollado / Av. Hidalgo,GDL-032,Polígono Central,20.6772627,-103.344908,En Servicio
35,(GDL-033) Av. Hidalgo / C. Pedro Loza,GDL-033,Polígono Central,20.677419,-103.347983,En Servicio
36,(GDL-034) C. Morelos / C. Donato Guerra,GDL-034,Polígono Central,20.676461,-103.350244,En Servicio
37,(GDL-035)C. Mezquitán / Av. Hidalgo,GDL-035,Polígono Central,20.677315,-103.3534145,En Servicio
38,(GDL-036) C. Marcos Castellanos/ C. Morelos,GDL-036,Polígono Central,20.676078,-103.356458,En Servicio
39,(GDL-037) C.Juan N. Cumplido /C. Independenci,GDL-037,Polígono Central,20.678034,-103.358466,En Servicio
40,(GDL-038) C. Nicolás Romero / Av. Hidalgo,GDL-038,Polígono Central,20.676656,-103.362331,En Servicio
41,(GDL-039) C. General Coronado / Av. Hidalgo,GDL-039,Polígono Central,20.677108,-103.365088,En Servicio
42,(GDL-040) C. Morelos / C. Progreso,GDL-040,Polígono Central,20.676067,-103.367049,En Servicio
43,(GDL-041) C. Manuel M. Diéguez / Av. Hidalgo,GDL-041,Polígono Central,20.67671,-103.37066,En Servicio
44,(GDL-042) C. Bernardo de Balbuena /Av Hidalgo,GDL-042,Polígono Central,20.676628,-103.372687,En Servicio
45,(GDL-043) C. Simón Bolivar / C. López Cotilla,GDL-043,Polígono Central,20.673756,-103.372613,En Servicio
46,(GDL-044)C. Gral. San Martín /Av.  Vallarta,GDL-044,Polígono Central,20.674636,-103.371639,En Servicio
47,(GDL-045) C. Pedro Moreno / C. Marsella,GDL-045,Polígono Central,20.675444,-103.370147,En Servicio
48,(GDL-046) C. Emerson / Av. Vallarta,GDL-046,Polígono Central,20.675014,-103.365025,En Servicio
49,(GDL-047) C. Robles Gil / Av. Vallarta,GDL-047,Polígono Central,20.674931,-103.362351,En Servicio
50,(GDL-048) C. Constancio Hernández/ Av. Juaréz,GDL-048,Polígono Central,20.674721,-103.358548,En Servicio
51,(GDL-049) Lopez Cotilla/ Marcos Castellanos,GDL-049,Polígono Central,20.6740865,-103.3563196,En Servicio
52,(GDL-050) C. Pedro Moreno / Calz. Federalismo,GDL-050,Polígono Central,20.675746,-103.354579,En Servicio
53,(GDL-051) C. 8 de Julio / Av. Juárez,GDL-051,Polígono Central,20.674559,-103.352663,En Servicio
54,(GDL-052) Av. Juárez / Av. 16 de Septiembre,GDL-052,Polígono Central,20.675244,-103.347889,En Servicio
55,(GDL-053) C. Maestranza / Av. Juárez,GDL-053,Polígono Central,20.675401,-103.345665,En Servicio
56,(GDL-054) Av. Juárez / Calz. Independencia,GDL-054,Polígono Central,20.675421,-103.342049,En Servicio
57,(GDL-055) C. Degollado /C.Prisciliano Sánchez,GDL-055,Polígono Central,20.672696,-103.345366,En Servicio
58,(GDL-056) Av. 16 de Sept. / C. Miguel Blanco,GDL-056,Polígono Central,20.671971,-103.347422,En Servicio
59,(GDL-057) C. Ocampo / C. Prisciliano Sánchez,GDL-057,Polígono Central,20.672516,-103.349573,En Servicio
60,(GDL-058) C. Pavo / C. Prisciliano Sánchez,GDL-058,Polígono Central,20.672641,-103.353542,En Servicio
61,(GDL-059) C. Miguel Blanco / C. Penitenciaria,GDL-059,Polígono Central,20.672231,-103.355508,En Servicio
62,(GDL-060) C. Madero/ C. Camarena,GDL-060,Polígono Central,20.6734,-103.357684,En Servicio
63,(GDL-061) C. Libertad /  C. Argentina,GDL-061,Polígono Central,20.671778,-103.361274,En Servicio
64,(GDL-062) C. Libertad / C. Moscú,GDL-062,Polígono Central,20.673072,-103.365055,En Servicio
65,(GDL-063) C. Colonias  / C. López Cotilla,GDL-063,Polígono Central,20.674132,-103.366139,En Servicio
66,(GDL-064) C. Marsella / C. López Cotilla,GDL-064,Polígono Central,20.673321,-103.370571,En Servicio
67,(GDL-065) C. Simón Bolivar / Av. La Paz,GDL-065,Polígono Central,20.6722064,-103.372588,En Servicio
68,(GDL-066) C Lerdo de Tejada/C Gral. Sn Martín,GDL-066,Polígono Central,20.671364,-103.371786,En Servicio
69,(GDL-067) Calzada Federalismo / C. Vidrio,GDL-067,Polígono Central,20.6668825,-103.3555917,En Servicio
70,(GDL-068) C. Guadalupe Zuno / Av. Chapultepec,GDL-068,Polígono Central,20.670512,-103.368306,En Servicio
71,(GDL-069) C. Colonias / C. Guadalupe Zuno,GDL-069,Polígono Central,20.670468,-103.366071,En Servicio
72,(GDL-070) Av. La  Paz / C. Juan de Ojeda,GDL-070,Polígono Central,20.671455,-103.363633,En Servicio
73,(GDL-071) Av. La Paz /Av.Enrique Díaz de León,GDL-071,Polígono Central,20.670362,-103.359537,En Servicio
74,(GDL-072) Av. La Paz / C. Camarena,GDL-072,Polígono Central,20.67056,-103.357589,En Servicio
75,(GDL-073) Av. La Paz / Av. Federalismo,GDL-073,Polígono Central,20.669955,-103.355032,En Servicio
76,(GDL-074) C. Enrique González / C. Libertad,GDL-074,Polígono Central,20.67131,-103.351651,En Servicio
77,(GDL-075) C. Pedro Rioseco /C. Nueva Galicia,GDL-075,Polígono Central,20.669628,-103.348768,En Servicio
78,(GDL-076) C. Ramón Corona / C. Libertad,GDL-076,Polígono Central,20.670243,-103.346195,En Servicio
79,(GDL-077) C. Argentina / C. Pedro Moreno,GDL-077,Polígono Central,20.675631,-103.36134,En Servicio
80,(GDL-078) C. Comercio / C. La Paz,GDL-078,Polígono Central,20.667946,-103.346775,En Servicio
81,(GDL-079)  C. Donato Guerra /Av. La Paz,GDL-079,Polígono Central,20.6688627,-103.3513022,En Servicio
82,(GDL-080) C. Manuel Acuña / Av. Américas,GDL-080,Polígono Central,20.68432,-103.373252,En Servicio
83,(GDL-081) C. Venezuela / Av. Niños Héroes,GDL-081,Polígono Central,20.667352,-103.363338,En Servicio
84,(GDL-082)C. Gdpe. Montenegro/C.Nuño de Guzman,GDL-082,Polígono Central,20.669326,-103.362535,En Servicio
85,(GDL-083) C. Vidrio / Av. Enrique Díaz,GDL-083,Polígono Central,20.667532,-103.3595222,En Servicio
86,(GDL-084) C. Montenegro / Av. Chapultepec,GDL-084,Polígono Central,20.669306,-103.368312,En Servicio
87,(GDL-085)C. Gdpe. Zuno/ Av.  Unión,GDL-085,Polígono Central,20.670426,-103.373378,En Servicio
88,(GDL-086) C. Simón Bolivar / Av. Niños Héroes,GDL-086,Polígono Central,20.66704,-103.372444,En Servicio
91,(ZPN-001) Emilio Carranza /Carretera Tesistán,ZPN-001,Zapopan Centro,20.73244,-103.396083,En Servicio
92,(ZPN-002) C. Emilio Carranza /C. Independenci,ZPN-002,Zapopan Centro,20.726376,-103.397466,En Servicio
93,(ZPN-003) C. Emilio Carranza / Av. Hidalgo,ZPN-003,Zapopan Centro,20.723081,-103.398071,En Servicio
94,Ex-ZPN-004,Ex-ZPN-004,Zapopan Centro,20.7292222,-103.3952005,Fuera de Servicio
95,(ZPN-005) C. Del Corral / C. Anáhuac,ZPN-005,Zapopan Centro,20.730841,-103.394267,En Servicio
96,(ZPN-006) C. Independencia / C. Anáhuac,ZPN-006,Zapopan Centro,20.725815,-103.395308,En Servicio
97,Ex-ZPN-007 C. Libertad / Nicolás Bravo,Ex-ZPN-007,Zapopan Centro,20.726196,-103.392672,Fuera de Servicio
98,(ZPN-008) C. Vicente Guerrero / Av. Hidalgo,ZPN-008,Zapopan Centro,20.72201,-103.39427,En Servicio
99,Ex-ZPN-009 C. Del Corral / C. Nicolás Bravo,Ex-ZPN-009 ,Zapopan Centro,20.685108,-103.333746,Fuera de Servicio
100,(ZPN-010) C. Ramón Corona / C. Cuauhtémoc,ZPN-010,Zapopan Centro,20.723889,-103.394585,En Servicio
101,(ZPN-011) C. Pino Suárez / C. López Cotilla,ZPN-011,Zapopan Centro,20.726558,-103.389242,En Servicio
102,(ZPN-012) C. Pino Suárez / Av. Juan Pablo II,ZPN-012,Zapopan Centro,20.728446,-103.39031,En Servicio
103,(ZPN-013) C. Eva Briseño / C. Javier Mina,ZPN-013,Zapopan Centro,20.720438,-103.391894,En Servicio
104,(ZPN-014) C. Juan Manuel / Pino Suárez,ZPN-014,Zapopan Centro,20.724044,-103.390802,En Servicio
105,(ZPN-015) C. Sarcófago / C. Panteon,ZPN-015,Zapopan Centro,20.725261,-103.387365,En Servicio
106,(ZPN-016) Av. Hidalgo/ C. Emiliano Zapata,ZPN-016,Zapopan Centro,20.721643,-103.3902,En Servicio
107,(ZPN-017) C. Juan Manuel / C. Pedro Moreno,ZPN-017,Zapopan Centro,20.72374,-103.388657,En Servicio
108,(ZPN-018) Av. Juan Pablo II / C. Santa Lucía,ZPN-018,Zapopan Centro,20.727068,-103.386286,En Servicio
109,Ex-ZPN-019 C. Cabecera Mpal. Juan Manuel / C.,Ex-ZPN-019,Zapopan Centro,20.7232207,-103.3855829,Fuera de Servicio
110,(ZPN-020) Av. Aurelio Ortega / Av. Laureles,ZPN-020,Zapopan Centro,20.721039,-103.386942,En Servicio
111,(ZPN-021) Blvrd. Panamericano/ C.Santa Mónica,ZPN-021,Zapopan Centro,20.72832,-103.384156,En Servicio
112,(ZPN-022) Av. Aurelio Ortega / C. Morelos*,ZPN-022,Zapopan Centro,20.722427,-103.383,En Servicio
113,EX-ZPN-023 C. Juan Diego / C. Sarcófago,ExZPN-023,Zapopan Centro,20.72489,-103.383614,Fuera de Servicio
114,EX-ZPN-024 Manuel H. Alatorre / C. Industria,ExZPN-024,Zapopan Centro,20.72356,-103.381901,Fuera de Servicio
115,(ZPN-025) C. Pedro Moreno / C. Jesus García,ZPN-025,Zapopan Centro,20.727913,-103.388162,En Servicio
116,Ex-ZPN-026 C. 16 Sep. / C. Fray A. de Segovia,Ex-ZPN-026,Zapopan Centro,20.68692,-103.33467,Fuera de Servicio
117,(ZPN-027) C. 5 de Mayo / C. Noviembre,ZPN-027,Zapopan Centro,20.720452,-103.388629,En Servicio
118,(ZPN-028) C. Ejido / C. Sabino Delgado,ZPN-028,Zapopan Centro,20.729724,-103.398598,En Servicio
119,(ZPN-029) C. La Villa / C. Cuauhtémoc,ZPN-029,Zapopan Centro,20.728147,-103.393858,En Servicio
120,(ZPN-030) C. Francisco Sarabia / C. Libertad,ZPN-030,Zapopan Centro,20.727381,-103.399976,En Servicio
125,(ZPN-031) C. Niño Obrero/Calz Lázaro Cárdenas,ZPN-031,Polígono Central,20.67342,-103.40945,En Servicio
126,(ZPN-032) Calz Lázaro Cárdenas / Av San Fco,ZPN-032,Polígono Central,20.67195,-103.40641,En Servicio
127,(ZPN-033) Av Lázaro Cárdenas / Av San Ignacio,ZPN-033,Polígono Central,20.6707,-103.40458,En Servicio
128,(ZPN-034) C. San Demetrio / C. Niño Obrero,ZPN-034,Polígono Central,20.66984,-103.40968,En Servicio
129,(ZPN-035) C. San Juan Bosco / Av. San Ignacio,ZPN-035,Polígono Central,20.66844,-103.40495,En Servicio
130,(ZPN-036) C. Niño Obrero /C José María Robles,ZPN-036,Polígono Central,20.66731,-103.40953,En Servicio
131,(ZPN-037) Av. San Ignacio / Av. Guadalupe,ZPN-037,Polígono Central,20.6668782,-103.4031329,En Servicio
132,(ZPN-038) C. Santa Rita / Av. Guadalupe,ZPN-038,Polígono Central,20.66581,-103.40662,En Servicio
133,(ZPN-039) Av. Niño Obrero / C. Juan Diego,ZPN-039,Polígono Central,20.66312806,-103.4079076,En Servicio
134,(ZPN-040) C. Santa María / C. ¡rbol,ZPN-040,Polígono Central,20.66033761,-103.4037559,En Servicio
135,(ZPN-041) C. 12 de Diciembre / C. Juan Diego,ZPN-041,Polígono Central,20.66463,-103.404,En Servicio
136,(ZPN-042) C. Tonatiuh / Av. Netzahualcóyotl,ZPN-042,Polígono Central,20.65925105,-103.4065612,En Servicio
137,(ZPN-043) C. Ermita / C. Del ¡rbol,ZPN-043,Polígono Central,20.65938,-103.40195,En Servicio
138,Ex-ZPN-044,Ex-ZPN-044,Polígono Central,20.69705,-103.36322,Fuera de Servicio
139,(ZPN-045) Av. Tizoc / C. Iztaccíhuatl,ZPN-045,Polígono Central,20.65701,-103.40464,En Servicio
140,(ZPN-046) Av. Cubilete / Av. López Mateos,ZPN-046,Polígono Central,20.656866,-103.397725,En Servicio
141,(ZPN-047) Av. Tizoc / Av. López Mateos,ZPN-047,Polígono Central,20.65381,-103.40134,En Servicio
142,(TLQ-001) BlvrdGarcía Barragán/C. Río Tajo,TLQ-001,TLQ - Corredor Atlas,20.64483,-103.31948,En Servicio
143,(TLQ-002) C. Juárez / Av. Niños Héroes,TLQ-002,TLQ - Corredor Atlas,20.6383352,-103.3163317,En Servicio
144,(TLQ-003) C. Contreras Medellín/Donato Guerra,TLQ-003,TLQ - Corredor Atlas,20.64193,-103.31366,En Servicio
145,(TLQ-004) C. Donato Guerra / C. Obregón,TLQ-004,TLQ - Corredor Atlas,20.64185,-103.3106,En Servicio
146,(TLQ-005) C. Zalatitán / C. Jalisco,TLQ-005,TLQ - Corredor Atlas,20.64188,-103.30651,En Servicio
147,Ex-TLQ-006 C. Zalatitán / Av. Francisco Silva,Ex-TLQ-006,TLQ - Corredor Atlas,20.641848,-103.3026,Fuera de Servicio
148,(TLQ-007) Blvrd.García Barragán/Donato Guerra,TLQ-007,TLQ - Corredor Atlas,20.64176,-103.31716,En Servicio
149,(TLQ-008) C. Juárez / C. Francisco de Miranda,TLQ-008,TLQ - Corredor Atlas,20.63841,-103.31334,En Servicio
150,(TLQ-009) C. Progreso / C. Juárez,TLQ-009,TLQ - Corredor Atlas,20.63816,-103.31148,En Servicio
151,(TLQ-010) C. Zaragoza / C. Emilio Carranza,TLQ-010,TLQ - Corredor Atlas,20.63834,-103.30952,En Servicio
152,(TLQ-011) C. Jalisco / C. Hidalgo,TLQ-011,TLQ - Corredor Atlas,20.63922,-103.30465,En Servicio
153,(TLQ-012) C. Paseo Don Bosco / C. Tonalá,TLQ-012,TLQ - Corredor Atlas,20.63613,-103.3019,En Servicio
154,(GDL-087) Av. Américas / Av. López Mateos,GDL-087,Polígono Central,20.69493,-103.37333,En Servicio
155,(GDL-088) Av.Plan de San Luis/C. Andrés Teran,GDL-088,Polígono Central,20.6972,-103.36773,En Servicio
156,(GDL-089) C. Juan ¡lvarez / C. Cruz Verde,GDL-089,Polígono Central,20.68456,-103.35699,En Servicio
157,(GDL-090) Calz. Federalismo / C. Durango,GDL-090,Polígono Central,20.69865,-103.35519,En Servicio
158,(GDL-091) C. Magisterio /Av. M. ¡vila Camacho,GDL-091,Polígono Central,20.696097,-103.349382,En Servicio
159,(GDL-092) Calz Federalismo / Av Plan San Luis,GDL-092,Polígono Central,20.69610588,-103.3549492,En Servicio
160,(GDL-093) C. H Colegio Militar / Av. Américas,GDL-093,Polígono Central,20.69311,-103.37298,En Servicio
161,(GDL-094) C. Manuel Cambre / C. Andrés Teran,GDL-094,Polígono Central,20.69324,-103.36757,En Servicio
162,(GDL-095)  C. Mariano Bárcena / Maestros,GDL-095,Polígono Central,20.692725,-103.3516,En Servicio
163,(GDL-096) C. Jesús García / C. González Orte,GDL-096,Polígono Central,20.6891,-103.35071,En Servicio
164,(GDL-097) C. María Vigil / C. Juan N Cumplido,GDL-097,Polígono Central,20.68981,-103.3582,En Servicio
165,(GDL-098) Calz. Federalismo / Av. Maestros,GDL-098,Polígono Central,20.693072,-103.354209,En Servicio
166,(GDL-099) C. Eulogio Parra /C.González Ortega,GDL-099,Polígono Central,20.687196,-103.350525,En Servicio
167,(GDL-100) C. Ayuntamiento/C. A. R. Plasencia,GDL-100,Polígono Central,20.69269,-103.37082,En Servicio
168,(GDL-101) C. Amado Nervo /C. José María Vigil,GDL-101,Polígono Central,20.68969,-103.37486,En Servicio
169,(GDL-102) C. María Vigil/C. Manuel M. Dieguez,GDL-102,Polígono Central,20.68985,-103.37071,En Servicio
170,(GDL-103) J. Clemente Orozco /C. Jesús García,GDL-103,Polígono Central,20.68861,-103.365814,En Servicio
171,(GDL-104) C. Pedro Loza / Av. Manuel Acuña,GDL-104,Polígono Central,20.68348,-103.34853,En Servicio
172,(GDL-105) C. Pino Suárez / C. Joaquin Angulo,GDL-105,Polígono Central,20.6822,-103.34601,En Servicio
173,(GDL-106) C. Juan ¡lvarez / C. Belén,GDL-106,Polígono Central,20.68465,-103.34526,En Servicio
174,(GDL-107) Calz. Federalismo/C. J. María Vigil,GDL-107,Polígono Central,20.68981,-103.353973,En Servicio
175,(GDL-108) C. Hospital / C. Alameda,GDL-108,Polígono Central,20.68586,-103.33964,En Servicio
176,(GDL-109) C. Eulogio Parra / Av. Américas,GDL-109,Polígono Central,20.68725,-103.37363,En Servicio
177,(GDL-110) C. Manuel Diéguez/Av. Eulogio Parra,GDL-110,Polígono Central,20.68723,-103.37084,En Servicio
178,(GDL-111) C. José Palomar / C. Hospital,GDL-111,Polígono Central,20.686228,-103.336305,En Servicio
179,(GDL-112) C. C. Orozco/C. Gral. Eulogio Parra,GDL-112,Polígono Central,20.687,-103.36582,En Servicio
180,(GDL-113) C. Ghilardi / C. Arista,GDL-113,Polígono Central,20.6880337,-103.362716,En Servicio
181,(GDL-114) C. Monte Cáucaso / C. Alameda,GDL-114,Polígono Central,20.68925,-103.3361,En Servicio
182,(GDL-115) Calz. Federalismo / C. Fco. Zarco,GDL-115,Polígono Central,20.68605,-103.35408,En Servicio
183,(GDL-116) Av Manuel Acuña/C. Pablo Villaseñor,GDL-116,Polígono Central,20.68447,-103.37989,En Servicio
184,(GDL-117) Av Manuel Acuña / C Fray Fco Frejes,GDL-117,Polígono Central,20.68427,-103.37653,En Servicio
185,(GDL-118) C. Antonio de León / C. Garibaldi,GDL-118,Polígono Central,20.68168,-103.38197,En Servicio
186,(GDL-119) C. Fco Rojas González /C. Garibaldi,GDL-119,Polígono Central,20.68153,-103.3785,En Servicio
187,(GDL-120) C. Agustín de la Rosa /C. Garibaldi,GDL-120,Polígono Central,20.68132,-103.37537,En Servicio
188,(GDL-121) C. Tomás V. Gómez / Av. México,GDL-121,Polígono Central,20.67914,-103.38253,En Servicio
189,(GDL-122) C. Fray Luis DePalacio/ Av. México,GDL-122,Polígono Central,20.67947,-103.37926,En Servicio
190,(GDL-123) C. Aurelio L. Gallardo / Av. México,GDL-123,Polígono Central,20.67945,-103.376,En Servicio
191,(GDL-124) C. Severo Díaz / C. Justo Sierra,GDL-124,Polígono Central,20.67741,-103.38387,En Servicio
192,(GDL-125) C. Pablo Villaseñor / Av. Hidalgo,GDL-125,Polígono Central,20.67691,-103.37993,En Servicio
193,(GDL-126) C. Aurelio L. Gallardo / Av Hidalgo,GDL-126,Polígono Central,20.67647,-103.37606,En Servicio
194,(GDL-127) Av. Vallarta / Av. de Los Arcos,GDL-127,Polígono Central,20.67438,-103.38488,En Servicio
195,(GDL-128) Av. Morelos / C. Emilio Castelar,GDL-128,Polígono Central,20.67554,-103.38409,En Servicio
196,(GDL-129) C. Lope de Vega / Av. Vallarta,GDL-129,Polígono Central,20.67455,-103.37998,En Servicio
197,(GDL-130) C. J. Ruíz de Alarcón / Av Vallarta,GDL-130,Polígono Central,20.67448,-103.37618,En Servicio
198,(GDL-131) C. Emilio Castelar / Av. La Paz,GDL-131,Polígono Central,20.67206,-103.384,En Servicio
199,(GDL-132) C. Lope de Vega / Av. La Paz,GDL-132,Polígono Central,20.67207,-103.37997,En Servicio
200,(GDL-133) C. J. Ruíz de Alarcón / Av. La Paz,GDL-133,Polígono Central,20.67189,-103.37608,En Servicio
201,(GDL-134) C. Agustín Yáñez / C. Fco Ugarte,GDL-134,Polígono Central,20.67016,-103.38448,En Servicio
202,(GDL-135) C. Victoriano Ag¸eros / Av. Unión,GDL-135,Polígono Central,20.66868,-103.3731,En Servicio
203,(GDL-136) C. Lope de Vega/C. Efraín Glez Luna,GDL-136,Polígono Central,20.66927,-103.37983,En Servicio
204,(GDL-137) C. Ruíz de Alarcón/C. Efraín G Luna,GDL-137,Polígono Central,20.66957,-103.37623,En Servicio
205,(GDL-138) C. de la Nebulosa / C. Placeres,GDL-138,Polígono Central,20.66557,-103.39134,En Servicio
206,(GDL-139) C. Firmamento / Av. Niños Héroes,GDL-139,Polígono Central,20.66667,-103.38863,En Servicio
207,(GDL-140) C. Constelación / Av. de los Arcos,GDL-140,Polígono Central,20.66816,-103.38488,En Servicio
208,(GDL-141) C. Ruíz de Alarcón/C. Agustín Yáñez,GDL-141,Polígono Central,20.66702,-103.37621,En Servicio
209,(GDL-142) C. De la Nebulosa / C. Firmamento,GDL-142,Polígono Central,20.6647,-103.38855,En Servicio
210,(GDL-143) C. Eclipse / Av. de Los Arcos,GDL-143,Polígono Central,20.6625,-103.38407,En Servicio
211,(GDL-144) C. Primo Feliciano / C. San Gabriel,GDL-144,Polígono Central,20.669931,-103.394307,En Servicio
212,(GDL-145) C. San Miguel / Av. San Francisco,GDL-145,Polígono Central,20.66736,-103.3947,En Servicio
213,(GDL-146) Av. Guadalupe / C. Boturini,GDL-146,Polígono Central,20.6662882,-103.3988986,En Servicio
214,(GDL-147) Calz. Lázaro Cárdenas/Av. Guadalupe,GDL-147,Polígono Central,20.66623,-103.39654,En Servicio
215,(GDL-148) C. San Rafael / Av. Tepeyac,GDL-148,Polígono Central,20.66501,-103.39788,En Servicio
216,(GDL-149) Calz. Lázaro Cárdenas/López Mateos,GDL-149,Polígono Central,20.66511,-103.39388,En Servicio
217,(GDL-150) C. Asunción / Av. Chapalita,GDL-150,Polígono Central,20.661387,-103.392533,En Servicio
218,(GDL-151) C. Capuchinas / Av. Chapalita,GDL-151,Polígono Central,20.66,-103.39496,En Servicio
219,(GDL-152) Parque de las Estrellas/C. Orión,GDL-152,Polígono Central,20.65931,-103.38884,En Servicio
220,(GDL-153) C. Crepúsculo / Av. Tonantzin,GDL-153,Polígono Central,20.65846,-103.39092,En Servicio
221,(GDL-154) C. Capuchinas / Av. Las Rosas,GDL-154,Polígono Central,20.65761,-103.39363,En Servicio
222,(GDL-155) Parque de las Estrellas/Mariano Ote,GDL-155,Polígono Central,20.65712973,-103.3883797,En Servicio
223,Ex-GDL-156 C. Crepúsculo / Av. Mariano Otero,Ex-GDL-156,Polígono Central,20.6564,-103.38956,Fuera de Servicio
224,(GDL-157) Av. Mariano Otero / Av. Las Rosas,GDL-157,Polígono Central,20.65454,-103.39162,En Servicio
225,(GDL-158) Av. Faro / Av. Las Rosas,GDL-158,Polígono Central,20.65158,-103.38957,En Servicio
226,(GDL-159) C. Guadalupe Victoria /Del Ejercito,GDL-159,TLQ - Corredor Atlas,20.66468,-103.33357,En Servicio
227,(GDL-160) C.Silverio Garcia/Blvrd. García Ba*,GDL-160,TLQ - Corredor Atlas,20.66114,-103.3315,En Servicio
228,(GDL-161) C. Rio Usumacinta/Blvrd García Barr,GDL-161,TLQ - Corredor Atlas,20.65925,-103.33055,En Servicio
229,(GDL-162) C. Rio Tuxpan / C. Salvador Lopez C,GDL-162,TLQ - Corredor Atlas,20.65721,-103.33046,En Servicio
230,(GDL-163) C. Corregidora / Blvrd. García B.,GDL-163,TLQ - Corredor Atlas,20.657817,-103.32898,En Servicio
231,(GDL-164) Av. Olímpica /C. José Rolon,GDL-164,TLQ - Corredor Atlas,20.655,-103.32186,En Servicio
232,(GDL-165) C. Rio Panuco/ Blvrd. García B.,GDL-165,TLQ - Corredor Atlas,20.65251,-103.32553,En Servicio
233,(GDL-166) C. Rio Principal / Blvrd. García B.,GDL-166,TLQ - Corredor Atlas,20.65475,-103.32719,En Servicio
234,(GDL-167) C. Rio San Juan de Dios/Blvrd. Garc,GDL-167,TLQ - Corredor Atlas,20.64962,-103.32356,En Servicio
235,(GDL-168) Av. Rio Nilo / C. Ramón Pacheco,GDL-168,TLQ - Corredor Atlas,20.64874,-103.31939,En Servicio
236,(GDL-169) Blvrd. García Barragán/ C. Rio Zapo,GDL-169,TLQ - Corredor Atlas,20.64707,-103.32147,En Servicio
237,(GDL-170)  C. Relojeros/ C. Chamizal,GDL-170,TLQ - Corredor Atlas,20.64698,-103.30619,En Servicio
238,(GDL-171) C. Maquinistas / C. San Rafael,GDL-171,TLQ - Corredor Atlas,20.6461,-103.3102,En Servicio
239,(GDL-172) C. Chamizal / Av. Rio Nilo,GDL-172,TLQ - Corredor Atlas,20.64434,-103.30678,En Servicio
240,(GDL-173) C. Caballerango / C. Caporales,GDL-173,TLQ - Corredor Atlas,20.64504,-103.30518,En Servicio
241,(GDL-174) C. Juan de Zumárraga / Av. Tepeyac,GDL-174,Polígono Central,20.6641,-103.4003,En Servicio
242,(GDL-175) C. Ermita / C. San Uriel,GDL-175,Polígono Central,20.66234072,-103.3981344,En Servicio
243,(GDL-176) C. San Bonifacio/ Paseo Benedictino,GDL-176,Polígono Central,20.67276201,-103.3976249,En Servicio
244,(GDL-177) C. Fray Fco Frejes / C. Fco Zarco,GDL-177,Polígono Central,20.68669,-103.37657,En Servicio
246,(GDL-178) C Salvador Quevedo/C López Portillo,GDL-178,Polígono Central,20.685108,-103.333746,En Servicio
247,(GDL-179) C. Monte Cáucaso / C. Sierra Nevada,GDL-179,Polígono Central,20.68795,-103.33343,En Servicio
248,(GDL-180) C. Montes Pirineos/Salvador Quevedo,GDL-180,Polígono Central,20.68692,-103.33467,En Servicio
249,(GDL-181) C.Ignacio Rmrz / Av Plan de San Lui,GDL-181,Polígono Central,20.69705,-103.36322,En Servicio
250,Ex-GDL-182 Av. Plan de San Luis / Av. Enríque,Ex-GDL-182,Polígono Central,20.6969715,-103.3581976,Fuera de Servicio
251,(TLQ-006) C. Miguel Hidalgo / Calz. Revolució,TLQ-006,TLQ - Corredor Atlas,20.639042,-103.301239,En Servicio
253,(GDL-156) C. Duque de Rivas/ C. López Cotilla,GDL-156,Polígono Central,20.6731682,-103.3826893,En Servicio
254,(GDL-020) C. General Coronado / C.Juan Manuel,GDL-020,Polígono Central,20.67848,-103.365103,En Servicio
255,(GDL-182) C. General Coronado / C. Manuel Acu,GDL-182,Polígono Central,20.6841645,-103.3648293,En Servicio
256,(GDL-183) Calz. Independencia / Av. Niños Hér,GDL-183,Polígono Central,20.6639862,-103.3480775,En Servicio
257,(GDL-184) Ingreso Cucei / Revolución,GDL-184,TLQ - Corredor Atlas,20.6595903,-103.324471,En Servicio
258,(GDL-185) Dr. Silverio García /Av. Revolución,GDL-185,TLQ - Corredor Atlas,20.66318,-103.32942,En Servicio
259,(GDL-186) C. Argentina / C. Francia,GDL-186,Polígono Central,20.66429,-103.3628,En Servicio
260,(GDL-187) Av. 16 de Septiembre / C. Priscilia,GDL-187,Polígono Central,20.67284,-103.34718,En Servicio
261,(GDL-188) Av. de la Presa / Av. Manuel A. Cam,GDL-188,Polígono Central,20.70928,-103.37015,En Servicio
262,(GDL-189) C. 5 de Mayo/ Av. Revolución,GDL-189,Polígono Central,20.6692,-103.34116,En Servicio
263,(GDL-190) C. Anahuac / Av. Revolución,GDL-190,Polígono Central,20.6708,-103.34385,En Servicio
264,(GDL-191) Plaza de los Mariachis,GDL-191,Polígono Central,20.6744,-103.34123,En Servicio
265,(GDL-192) Calle A1 / Av. Manuel A. Camacho,GDL-192,Polígono Central,20.70656,-103.36564,En Servicio
266,(GDL-193) C. Hawai / C. Nicolás Romero,GDL-193,Polígono Central,20.70211,-103.35996,En Servicio
267,(GDL-194) Av. Revolución / C. Manuel López Ve,GDL-194,TLQ - Corredor Atlas,20.65048,-103.30999,En Servicio
268,(GDL-195) C. Ramón Corona / Av. Juárez,GDL-195,Polígono Central,20.67529,-103.34656,En Servicio
269,(GDL-196) C. Esmeralda / C. Manuel Acuña,GDL-196,Polígono Central,20.68361,-103.33756,En Servicio
270,(GDL-197) Av. Río Nilo / Av. Revolución,GDL-197,TLQ - Corredor Atlas,20.64517,-103.30313,En Servicio
271,(GDL-198) Av. Alcalde / C. Hospital,GDL-198,Polígono Central,20.68504,-103.34796,En Servicio
272,(GDL-199) C. Jesús García/Av. Alcalde,GDL-199,Polígono Central,20.6891,-103.34806,En Servicio
273,(GDL-200) Av. Alcalde /Av. Manuel A. Camacho,GDL-200,Polígono Central,20.69406,-103.34824,En Servicio
274,(GDL-201) Av. de los Normalistas / C. M. Guti,GDL-201,Polígono Central,20.69442,-103.34474,En Servicio
275,(GDL-202) C. Magisterio / C. Durango,GDL-202,Polígono Central,20.69898,-103.34893,En Servicio
276,(GDL-203) Av. Federalismo / C. Tamaulipas,GDL-203,Polígono Central,20.70046,-103.35478,En Servicio
277,(GDL-204) C. España/ Av. Chapultepec,GDL-204,Polígono Central,20.6651,-103.36807,En Servicio
278,(GDL-205) Av. Agustín Yáñez /C. Venezuela,GDL-205,Polígono Central,20.66265,-103.36554,En Servicio
279,(GDL-206) C. Suiza / Av. Enrique Díaz de león,GDL-206,Polígono Central,20.66231,-103.36011,En Servicio
280,(GDL-207) C. Lázaro Pérez / C. Escorza,GDL-207,Polígono Central,20.66563,-103.35802,En Servicio
281,(GDL-208) Av. España / Av. Federalismo,GDL-208,Polígono Central,20.66081,-103.35704,En Servicio
282,(GDL-209) Calz. del Campesino / Calz. Indepen,GDL-209,Polígono Central,20.6605183,-103.3503245,En Servicio
283,(GDL-210) Av. Washington / Calz. Independenci,GDL-210,Polígono Central,20.65775,-103.35132,En Servicio
284,(GDL-211) Av. Washington / C. Rusia,GDL-211,Polígono Central,20.65883,-103.35468,En Servicio
285,(GDL-212) C. Nicolás Romero / C. Jaime Nunó,GDL-212,Polígono Central,20.70047,-103.36158,En Servicio
286,(ZPN-023) Blvrd. de la Espuela / C. Silvano B,ZPN-023,Zapopan Centro,20.73231,-103.38763,En Servicio
287,(ZPN-024) C. López Cotilla / C. del Estribo,ZPN-024,Zapopan Centro,20.73076,-103.38861,En Servicio
288,(ZPN-048) Av. J. Parres Arias / Prol. López C,ZPN-048,Zapopan Centro,20.72958,-103.38859,En Servicio
289,(ZPN-049) ¡vila Camacho/ Lábaro Patrio,ZPN-049,Zapopan Centro,20.7178,-103.38338,En Servicio
290,(ZPN-050) C. el Mediero / Prol. Laureles,ZPN-050,Zapopan Centro,20.73432,-103.38427,En Servicio
291,(ZPN-051) Av. Periférico G. Morín / Av. J. Pa,ZPN-051,Zapopan Centro,20.73837,-103.38057,En Servicio
292,(ZPN-052) C. del Pial / C. del Vigía,ZPN-052,Zapopan Centro,20.73245,-103.39291,En Servicio
293,(ZPN-053) Prol. Laureles / Av. Periférico G.,ZPN-053,Zapopan Centro,20.73836,-103.38299,En Servicio
294,(ZPN-054) Av. J. Parres Arias / C. Ignacio Ja,ZPN-054,Zapopan Centro,20.73441,-103.38079,En Servicio
295,(ZPN-055) Prol. Laureles / Av. J. Parres Aria,ZPN-055,Zapopan Centro,20.73154,-103.38515,En Servicio
296,(ZPN-056) Av. Manuel A. Camacho / C. San Jorg,ZPN-056,Zapopan Centro,20.71365,-103.37742,En Servicio
301,FLOATING-STATION,NULL,NULL,0,0,END_OF_LIFE